<?xml version="1.0" encoding="UTF-8" ?>
<dt-button library="Buttons">
	<name>copyFlash</name>
	<summary>Click to copy table data to clipboard button (Adobe Flash)</summary>
	<since>1.0.0</since>

	<requires>
		* Buttons' _Flash export button_ plug-in.
		* Adobe Flash
	</requires>

	<description>
		This button provides a simple copy-to-clipboard action to the end user - they click the button and the table's content is automatically written into their clipboard.

		Once the data from the table has been written to the clipboard, a message is shown to the end user stating this fact. The message shown can be customised through the `buttons.copyTitle` (title) and `buttons.copyInfo` (more detailed information) options of the DataTables `dt-init language` configuration object (see example below). By default they are is:

		```js
		copyTitle: 'Copy to clipboard',
		copyInfo: {
			_: 'Copied %d rows to clipboard',
			1: 'Copied 1 row to clipboard'
		}
		```

		[Adobe Flash](https://get.adobe.com/flashplayer/) is required for this button to operate. If Flash is not installed, or disabled, in the end user's browser this button will not appear. For a non-Flash alternative please see the `b-button copyHtml5` button type. Additionally the `b-button copy` will automatically select between this button and `b-button copyHtml5` depending on the features of the browser.

		The action for this button _cannot_ be activated using the `b-api button().trigger()` or key combination methods due to the security restrictions of Flash.
	</description>


	<option type="string" name="text" default="Copy">
		The button's display text. The text can be configured using this option (see `b-init buttons.buttons.text`) or the `buttons.copy` option of the DataTables `dt-init language` object.
	</option>

	<option type="string" name="className" default="buttons-copy buttons-flash">
		The button's class name. See `b-init buttons.buttons.className` for details.
	</option>

	<option type="function" name="action">
		Copy table data to clipboard
	</option>

	<option type="string" name="fieldSeparator" default="\t">
		The character(s) used to separate fields in the plain text representation of the table that is copied to the system's clipboard.		
	</option>

	<option type="string" name="fieldBoundary" default="">
		The character(s) used to enclose each field in the plain text representation of the table that is copied to the system's clipboard. This is automatically added at the start and end of each cell's data.
	</option>

	<option type="object" name="exportOptions" default="{}">
		Select the data to be gathered from the DataTable for export. This includes options for which columns, rows, ordering and search. Please see the `b-api buttons.exportData()` method for full details - the object given by this parameter is passed directly into that action to gather the required data.
	</option>

	<option type="boolean" name="header" default="true">
		Indicate if the table header should be included in the exported data or not.
	</option>

	<option type="boolean" name="footer" default="false">
		Indicate if the table footer should be included in the exported data or not.
	</option>


	<example title="DataTables initialisation: Use the Flash copy button"><![CDATA[

$('#myTable').DataTable( {
	buttons: [
		'copyFlash'
	]
} );

]]></example>

	<example title="DataTables initialisation: Use the `b-button copy` button type to automatically select between the Flash and HTML button options."><![CDATA[

$('#myTable').DataTable( {
	buttons: [
		'copy'
	]
} );

]]></example>

	<example title="DataTables initialisation: Use the `exportOptions` to copy only the current DataTable page"><![CDATA[

$('#myTable').DataTable( {
	buttons: [
		{
			extend: 'copyFlash',
			text: 'Copy current page',
			exportOptions: {
				modifier: {
					page: 'current'
				}
			}
		}
	]
} );

]]></example>

	<example title="DataTables initialisation: Use the `dt-init language` object to set the information displayed when activated"><![CDATA[

$('#myTable').DataTable( {
	language: 
		buttons: {
			copyTitle: 'Data copied',
			copyInfo: {
				_: 'Copied %d items',
				1: 'Copied a single item'
			}
		}
	},
	buttons: [
		'copyFlash'
	]
} );

]]></example>
</dt-button>